,user_id,name,gender,dob,interests,city,occupation,budget,age,age_range
9500,59210,Edna Stephens,Female,1995-04-25,"'Cars and automobiles', 'Gardening', 'Beauty', 'Cars and automobiles'",Liverpool,Project Manager,4785,30,26-35
9501,32486,Brian Piedra,Male,1993-05-24,"'Technology', 'Fashion', 'Nature'",Preston,Waiter,3078,32,26-35
9502,84856,Joyce Spurgeon,Male,1965-02-10,"'Business and entrepreneurship', 'Pets'",Bolton,Cleaner,2082,60,56-65
9503,38247,Elvira Bokor,Female,1956-03-01,"'Food and dining', 'Gaming', 'Fashion', 'Fashion'",Preston,Loan Officer,3596,69,66+
9504,66370,Larry Trevino,Male,1978-09-24,"'Gardening', 'Cars and automobiles'",Manchester,Data Analyst,3935,47,46-55
9505,52787,Carman Kelly,Male,2004-06-09,'Technology',Stockport,Market Research Analyst,5925,21,18-25
9506,34303,Miguel Averett,Female,1970-06-10,"'Cars and automobiles', 'Politics', 'Art', 'Social causes and activism', 'DIY and crafts'",Bolton,IT technician,3939,55,56-65
9507,60244,Charles Boyer,Female,1996-06-11,"'Science', 'Fashion', 'Books', 'Finance and investments', 'Business and entrepreneurship'",Liverpool,Data Analyst,3778,29,26-35
9508,72148,Charles Smith,Female,1982-09-15,"'Fashion', 'Cooking', 'Parenting and family', 'Food and dining'",Bolton,Chef,4935,43,36-45
9509,65707,John Saadd,Female,1999-06-09,'Food and dining',Preston,Compliance Officer,7146,26,26-35
9510,11728,Ryan Clark,Male,1999-12-30,"'Art', 'Gardening', 'Movies', 'Music'",Bolton,Human Resources Coordinator,5359,26,26-35
9511,3615,Myrna Kirn,Female,1959-09-07,"'Fashion', 'Education and learning', 'Social causes and activism', 'Cars and automobiles', 'Outdoor activities'",Manchester,Delivery Driver,2536,66,66+
9512,86168,Sheena Bates,Male,1958-08-07,"'Education and learning', 'Business and entrepreneurship', 'Education and learning'",Stockport,Market Research Analyst,4272,67,66+
9513,19528,Angela Johnson,Female,1970-07-28,"'Gardening', 'Outdoor activities', 'Books', 'Pets'",Liverpool,Public Relations Specialist,5912,55,56-65
9514,87604,Jess Hennessey,Male,1979-05-04,"'Education and learning', 'Outdoor activities', 'Gaming'",Bolton,Electrician,4298,46,46-55
9515,46083,Cindy Carey,Female,1986-06-08,"'Music', 'Education and learning', 'Music'",Bolton,Construction Worker,3814,39,36-45
9516,92034,Leonie Marmerchant,Male,1996-05-11,"'Pets', 'Sports'",Liverpool,Compliance Officer,5945,29,26-35
9517,47371,Evelyn Greeley,Male,1974-02-24,"'DIY and crafts', 'Fashion'",Preston,Human Resources Coordinator,4306,51,46-55
9518,43422,Timothy Tape,Female,1995-03-10,"'Movies', 'Music', 'Finance and investments', 'Music', 'Travel'",Preston,Sales Associate,2695,30,26-35
9519,38595,Darlene Davison,Male,1957-04-12,"'Photography', 'Music', 'Parenting and family', 'Photography'",Manchester,Human Resources Coordinator,3432,68,66+
9520,32719,Linda Schlick,Male,1991-06-17,'Fashion',Manchester,Delivery Driver,3905,34,26-35
9521,53894,Richard Bird,Female,1986-10-14,"'Nature', 'Science'",Stockport,Technical Writer,4480,39,36-45
9522,58714,Robert Clark,Female,1992-10-04,'Sports',Preston,Delivery Driver,2858,33,26-35
9523,5642,Katherine Peterson,Male,1959-07-24,"'Fashion', 'Art', 'Food and dining'",Liverpool,Receptionist,3613,66,66+
9524,64779,Wanda Lodge,Male,1992-08-10,"'Pets', 'Parenting and family'",Liverpool,Business Consultant,9942,33,26-35
9525,27924,Charles Gregory,Female,1976-01-16,'Social causes and activism',Preston,Marketing Specialist,4579,49,46-55
9526,2786,George Forman,Male,1964-09-21,"'History', 'Travel', 'History'",Manchester,Delivery Driver,2456,61,56-65
9527,28428,Olga Barber,Female,1972-06-21,"'Sports', 'Fashion', 'Travel'",Stockport,Data Analyst,3781,53,46-55
9528,44645,Danielle Tellier,Male,1968-05-04,"'Movies', 'Movies', 'Business and entrepreneurship', 'DIY and crafts'",Manchester,Event Coordinator,6278,57,56-65
9529,93193,Nadine Litzenberg,Female,1997-08-16,"'Music', 'Food and dining', 'Movies', 'Beauty'",Preston,Quality Assurance Analyst,6308,28,26-35
9530,67781,Mariana Hernandez,Female,1958-01-12,"'Social causes and activism', 'Gardening', 'Sports', 'History'",Bolton,Office Administrator,3437,67,66+
9531,32073,Lisa Wadkins,Female,1981-11-13,"'Nature', 'DIY and crafts'",Manchester,Waiter,2323,44,36-45
9532,43696,Thomas Papay,Female,1984-11-27,'Gaming',Manchester,Business Consultant,6477,41,36-45
9533,41219,Jeff Patterson,Male,1979-06-26,'Nature',Liverpool,Sales Executive,6493,46,46-55
9534,61329,William Jackson,Female,2002-10-02,"'Movies', 'Fashion', 'Photography', 'Movies', 'Fashion'",Liverpool,Teacher,2910,23,18-25
9535,64161,Chris Miller,Female,1993-11-01,"'Science', 'Cooking', 'Finance and investments', 'Beauty', 'Outdoor activities'",Preston,Public Relations Specialist,4412,32,26-35
9536,52469,James Martin,Male,1957-11-30,'Music',Liverpool,HR Manager,6474,68,66+
9537,96477,Norman Mcpherson,Male,1978-12-02,"'Nature', 'Gaming', 'Travel', 'Fashion', 'Gaming'",Preston,Software Engineer,8194,47,46-55
9538,48450,Jenny Vandamme,Female,2000-10-07,"'Fitness', 'Business and entrepreneurship'",Preston,Procurement Specialist,6254,25,26-35
9539,63200,Florence Hrbacek,Male,1963-05-07,"'Gaming', 'Photography', 'Gaming', 'Fashion'",Preston,Electrician,5067,62,56-65
9540,4052,Rachel Hopkins,Female,1978-07-30,"'Gaming', 'Science', 'Cars and automobiles', 'Finance and investments', 'Science'",Stockport,Taxi Driver,2429,47,46-55
9541,13023,Michael Ward,Female,1997-12-17,"'Finance and investments', 'Fashion', 'Business and entrepreneurship'",Bolton,HR Manager,5042,28,26-35
9542,3173,Ashley Merritt,Female,2004-11-12,"'Photography', 'Beauty', 'History', 'Art'",Liverpool,Human Resources Coordinator,5165,21,18-25
9543,58378,Irene Clark,Female,1993-09-21,"'Sports', 'Photography', 'Parenting and family', 'History', 'Parenting and family'",Bolton,IT technician,5275,32,26-35
9544,82670,Salina Hirsch,Female,1971-07-02,"'Beauty', 'Fashion', 'Books', 'Cars and automobiles', 'Gardening'",Manchester,Financial Analyst,6498,54,46-55
9545,6399,Michael Tennyson,Male,2004-06-16,"'Books', 'Photography', 'Music', 'Gardening'",Manchester,Business Consultant,8299,21,18-25
9546,72031,Marilyn Rader,Male,1955-11-03,"'Cooking', 'Music', 'Movies', 'Pets'",Liverpool,Project Manager,6593,70,66+
9547,13248,Howard Thomas,Male,2004-01-21,"'Pets', 'Fashion'",Stockport,Technical Writer,5297,21,18-25
9548,25360,Jacquelyn Fair,Male,2001-03-20,"'Cars and automobiles', 'Politics', 'DIY and crafts', 'Gardening'",Stockport,Corporate Trainer,7678,24,18-25
9549,54117,Ruth Freeman,Female,1990-12-18,"'Pets', 'DIY and crafts', 'Photography'",Bolton,Data Analyst,5658,35,36-45
9550,28313,Roger Mills,Male,1958-05-12,"'Books', 'Art'",Stockport,HR Manager,4644,67,66+
9551,17692,Erwin Cross,Female,2001-09-08,"'Art', 'Finance and investments'",Manchester,Mechanic,4891,24,18-25
9552,33430,Laurie Tackett,Male,1975-10-18,"'History', 'Movies'",Manchester,Waiter,2094,50,46-55
9553,25073,Billy Bedwell,Male,1986-11-28,"'Art', 'Gardening'",Manchester,Financial Analyst,3953,39,36-45
9554,61883,George Scott,Female,1993-05-20,"'Fashion', 'Fashion', 'Pets', 'Finance and investments'",Stockport,Construction Worker,4041,32,26-35
9555,36860,Shirley Delcamp,Male,1967-04-28,'Sports',Manchester,Public Relations Specialist,4137,58,56-65
9556,27582,Ruthann Chaney,Female,1962-06-09,"'Music', 'Gaming'",Manchester,Receptionist,2930,63,56-65
9557,78059,Harriette Luckey,Male,1984-11-01,"'Sports', 'Pets'",Bolton,Data Analyst,6246,41,36-45
9558,13829,Margaret Unger,Female,1981-07-23,"'Fitness', 'Pets'",Preston,Electrician,4982,44,36-45
9559,48345,Eileen Keller,Male,1984-12-07,"'Fashion', 'Fitness', 'Food and dining', 'Outdoor activities', 'Technology'",Stockport,Software Engineer,8564,41,36-45
9560,1369,Vernon Douglass,Female,1991-04-24,"'Health and wellness', 'Sports'",Preston,Procurement Specialist,6571,34,26-35
9561,76040,Julie Dixon,Female,2000-10-12,"'Gaming', 'Health and wellness', 'Sports'",Liverpool,Accountant,5716,25,26-35
9562,86960,Helen Wiseman,Male,1970-03-25,"'Cars and automobiles', 'Fitness', 'Cars and automobiles', 'Beauty', 'Parenting and family'",Manchester,Compliance Officer,5766,55,56-65
9563,24456,Fred Jones,Female,1990-12-18,"'Education and learning', 'Photography', 'Social causes and activism', 'DIY and crafts'",Stockport,Project Manager,6484,35,36-45
9564,99670,John Miller,Male,2001-04-17,'Technology',Liverpool,Human Resources Coordinator,5238,24,18-25
9565,40452,Jessie Colter,Male,1984-02-02,'Beauty',Manchester,Electrician,4248,41,36-45
9566,28147,Liz Warren,Male,1969-09-24,"'Music', 'History', 'Outdoor activities', 'Sports'",Stockport,Receptionist,3534,56,56-65
9567,25621,Todd Dillard,Male,2002-04-01,'Cooking',Preston,Business Consultant,11820,23,18-25
9568,81816,Jason Kuhn,Male,1980-11-05,"'Science', 'History', 'Travel', 'Health and wellness'",Liverpool,Chef,3579,45,46-55
9569,69603,John Schmitz,Female,2000-05-03,"'Science', 'Books', 'Travel', 'DIY and crafts'",Stockport,Barista,2475,25,26-35
9570,50845,Wendy Ethier,Female,1967-11-20,"'Business and entrepreneurship', 'Technology'",Manchester,Market Research Analyst,6581,58,56-65
9571,35347,Joseph Broussard,Male,1966-11-10,"'Photography', 'Art', 'Health and wellness', 'Music'",Stockport,Data Analyst,5784,59,56-65
9572,47339,Deborah Vernon,Female,1988-11-26,"'Fashion', 'Cooking', 'Gardening', 'Fitness'",Preston,Mechanic,3536,37,36-45
9573,97203,Robert Rogers,Male,1960-01-02,"'Travel', 'Cars and automobiles', 'Parenting and family'",Bolton,Public Relations Specialist,4149,65,66+
9574,82401,Rochelle Roger,Male,1991-09-08,"'Cars and automobiles', 'DIY and crafts'",Manchester,Cleaner,2949,34,26-35
9575,47016,Lowell Salazar,Male,1990-02-23,"'Food and dining', 'Fitness'",Bolton,Financial Analyst,5279,35,36-45
9576,268,Ruth Lachley,Female,1981-11-22,"'Cooking', 'Finance and investments'",Stockport,Marketing Specialist,4888,44,36-45
9577,94538,Peter Fuentez,Female,1987-02-24,"'History', 'Sports', 'DIY and crafts', 'Finance and investments', 'Movies'",Stockport,Procurement Specialist,3956,38,36-45
9578,97848,Willie Labbe,Male,1964-10-13,"'Nature', 'Photography', 'Photography', 'Fashion'",Liverpool,Taxi Driver,3022,61,56-65
9579,32441,Michael Bustos,Male,1965-12-12,"'Books', 'Pets', 'Nature'",Liverpool,Corporate Trainer,6595,60,56-65
9580,17373,Mary Sawyer,Female,1962-06-08,"'Movies', 'Fashion', 'Parenting and family', 'Beauty', 'Movies'",Bolton,Technical Writer,4163,63,56-65
9581,53906,Nikki Carter,Male,1968-01-17,"'Fashion', 'Food and dining', 'Food and dining', 'Books'",Manchester,Marketing Specialist,5083,57,56-65
9582,38340,Geneva Garcia,Female,1965-08-26,"'Art', 'Travel'",Stockport,Receptionist,2577,60,56-65
9583,66732,Jessica Jones,Male,1970-03-24,'Cars and automobiles',Liverpool,Quality Assurance Analyst,4402,55,56-65
9584,65740,Robert Moore,Male,1989-10-25,"'Cars and automobiles', 'Cooking', 'Music'",Bolton,Office Administrator,4237,36,36-45
9585,67280,Edward Harris,Male,1964-01-30,"'Politics', 'Health and wellness', 'Photography', 'Fashion'",Stockport,Mechanic,4861,61,56-65
9586,31866,Julie Mills,Male,1963-08-15,"'Fashion', 'Pets'",Bolton,Marketing Specialist,4279,62,56-65
9587,61173,Ruth Barrett,Male,1992-04-11,'Books',Preston,Accountant,3797,33,26-35
9588,53855,Armando Castellano,Male,1973-05-29,'Travel',Liverpool,Delivery Driver,3535,52,46-55
9589,52911,Kathleen Boone,Male,2003-01-23,"'Cooking', 'Politics'",Liverpool,Receptionist,3318,22,18-25
9590,15821,Viviana Pennington,Male,1955-08-02,'Science',Manchester,Procurement Specialist,5474,70,66+
9591,23847,Jason Lee,Male,2000-09-05,"'Sports', 'Social causes and activism', 'Fashion'",Stockport,Barista,2351,25,26-35
9592,27653,Nathaniel Henderson,Male,1957-06-04,"'Sports', 'Movies', 'DIY and crafts', 'Fitness', 'Food and dining'",Preston,Office Administrator,3074,68,66+
9593,10013,Norman Robinson,Male,1987-07-28,"'Nature', 'Movies', 'Cooking', 'Outdoor activities'",Stockport,Human Resources Coordinator,5208,38,36-45
9594,28517,Antoinette White,Male,1993-04-09,'Pets',Liverpool,Software Engineer,8857,32,26-35
9595,72143,William Stetson,Female,1974-08-20,"'Gardening', 'Fitness', 'Fitness'",Manchester,Loan Officer,4625,51,46-55
9596,1478,Mark Reed,Female,1996-07-03,'Gaming',Preston,IT technician,3484,29,26-35
9597,73660,William Machesky,Female,1962-02-06,"'Art', 'Sports', 'Fitness', 'Music', 'Food and dining'",Manchester,Market Research Analyst,6695,63,56-65
9598,21496,Beverly Rodriguez,Female,1996-11-12,"'DIY and crafts', 'Food and dining', 'Social causes and activism', 'Photography'",Bolton,Marketing Specialist,3591,29,26-35
9599,89835,Robert Dickey,Male,1993-09-26,"'Books', 'Pets', 'Fashion', 'Fashion'",Stockport,Human Resources Coordinator,3489,32,26-35
9600,13947,David Struck,Female,1984-01-23,"'Outdoor activities', 'Fashion'",Stockport,Taxi Driver,3610,41,36-45
9601,38416,Marcia Galle,Female,1964-02-05,"'Fashion', 'Sports', 'Photography', 'DIY and crafts', 'Business and entrepreneurship'",Preston,Public Relations Specialist,6755,61,56-65
9602,19595,James Styles,Female,1972-05-22,"'Art', 'Outdoor activities', 'Science', 'Beauty', 'DIY and crafts'",Liverpool,Loan Officer,4401,53,46-55
9603,20476,Lillian Labonte,Female,1968-11-11,'Finance and investments',Bolton,Office Administrator,2842,57,56-65
9604,10578,Judith Hallman,Female,1991-07-23,'Business and entrepreneurship',Preston,Cleaner,1997,34,26-35
9605,96398,Nicholas Brown,Male,1981-07-05,"'Finance and investments', 'Parenting and family', 'Art', 'Gardening'",Stockport,Chef,3581,44,36-45
9606,43250,Clark Pinsonnault,Female,1993-03-05,"'Cars and automobiles', 'Technology', 'Photography', 'Nature'",Liverpool,Compliance Officer,6300,32,26-35
9607,63760,Timothy Brown,Female,1961-05-12,"'Sports', 'Food and dining'",Preston,Electrician,3831,64,56-65
9608,67791,Rose Valdez,Female,1993-06-17,"'Movies', 'Technology', 'Politics', 'Science'",Bolton,Marketing Specialist,4723,32,26-35
9609,41125,Avery Lewis,Female,1991-08-14,"'Outdoor activities', 'Business and entrepreneurship'",Stockport,Software Engineer,9239,34,26-35
9610,85015,Jaclyn Johns,Female,1954-09-04,"'Fashion', 'Beauty', 'Food and dining'",Preston,HR Manager,6823,71,66+
9611,46427,Frances Lee,Female,1961-03-11,"'Fashion', 'DIY and crafts'",Bolton,Receptionist,3640,64,56-65
9612,69990,Laura Granado,Male,1968-05-26,"'Art', 'Travel', 'Food and dining', 'Cars and automobiles'",Manchester,Construction Worker,3004,57,56-65
9613,96663,Theodore Gunter,Female,1986-09-29,"'Gardening', 'Science'",Bolton,Chef,5245,39,36-45
9614,50861,Calvin Behr,Male,1968-05-06,"'Fashion', 'Books', 'Beauty', 'Technology', 'Fitness'",Bolton,Mechanic,3488,57,56-65
9615,87395,Tina Hargrove,Female,1992-11-30,"'Outdoor activities', 'Fashion', 'Art'",Manchester,Sales Executive,4231,33,26-35
9616,76650,Clayton Morgan,Female,1992-01-27,"'Health and wellness', 'DIY and crafts', 'Pets'",Preston,Teacher,4143,33,26-35
9617,51918,Shira Crayton,Male,1999-05-06,"'Gaming', 'Photography'",Stockport,Software Engineer,6166,26,26-35
9618,99451,Ernest Farrington,Male,1982-06-16,"'Outdoor activities', 'Music'",Bolton,Sales Associate,2637,43,36-45
9619,27029,Miguel Nicholson,Female,1986-04-20,"'History', 'Fashion'",Bolton,Market Research Analyst,5682,39,36-45
9620,25663,Pete Ruper,Male,1987-08-29,"'Cars and automobiles', 'Movies', 'DIY and crafts'",Liverpool,Quality Assurance Analyst,6654,38,36-45
9621,30711,Tommy Maroun,Female,1954-11-28,"'Cars and automobiles', 'Cooking', 'Social causes and activism', 'Fitness', 'Books'",Bolton,Human Resources Coordinator,4141,71,66+
9622,30182,Camille Bowie,Male,1982-10-16,'Fashion',Manchester,Financial Analyst,5461,43,36-45
9623,73719,Russell Gibson,Female,1968-09-03,'Fashion',Liverpool,Loan Officer,5940,57,56-65
9624,53860,Travis Vanwormer,Male,1973-03-09,'Music',Liverpool,Receptionist,3383,52,46-55
9625,12142,Joseph Cunningham,Male,1973-04-12,"'Finance and investments', 'Politics', 'Gardening'",Preston,Technical Writer,4463,52,46-55
9626,69972,Barbara Ward,Female,1962-04-13,"'Business and entrepreneurship', 'Sports', 'Business and entrepreneurship'",Manchester,Electrician,5123,63,56-65
9627,22222,Anthony Jones,Male,1983-04-06,"'Fitness', 'Books', 'Health and wellness', 'Parenting and family'",Stockport,Corporate Trainer,6523,42,36-45
9628,26385,Robert Perkins,Male,1954-02-15,"'Cars and automobiles', 'Outdoor activities', 'Fitness'",Liverpool,Corporate Trainer,4235,71,66+
9629,10280,Sam East,Female,1989-04-03,'Parenting and family',Liverpool,Data Analyst,4945,36,36-45
9630,36205,Roxane Schnitker,Female,1977-03-07,"'Nature', 'Art'",Preston,Barista,3084,48,46-55
9631,49534,Vena Seward,Male,1987-03-17,'Books',Bolton,Mechanic,4007,38,36-45
9632,97058,Thomas Tabor,Male,1965-01-20,"'Fitness', 'Gardening', 'Photography', 'Photography', 'Travel'",Bolton,Event Coordinator,4321,60,56-65
9633,23612,May Pascal,Male,1987-10-18,"'Technology', 'Photography', 'Fashion', 'Beauty'",Manchester,Mechanic,5108,38,36-45
9634,41960,Patricia Price,Male,1964-10-29,'Beauty',Preston,Compliance Officer,6243,61,56-65
9635,66365,Melba Fess,Male,1962-07-07,"'Parenting and family', 'Movies', 'Technology', 'Science', 'Fashion'",Stockport,Human Resources Coordinator,4516,63,56-65
9636,57671,Brianna Polanco,Male,1959-08-13,"'Gaming', 'Social causes and activism', 'Books', 'Music', 'Gardening'",Liverpool,Office Administrator,4549,66,66+
9637,91931,Timothy Wallace,Female,1959-09-02,"'Business and entrepreneurship', 'DIY and crafts'",Manchester,Technical Writer,3892,66,66+
9638,53110,Belle Malone,Female,1981-07-18,'Outdoor activities',Manchester,Delivery Driver,3382,44,36-45
9639,25502,Leon Webb,Female,1980-02-23,'Business and entrepreneurship',Preston,IT technician,4433,45,46-55
9640,9660,Mildred Dobies,Male,1973-03-02,"'Fashion', 'Gaming', 'Movies', 'DIY and crafts'",Stockport,HR Manager,5288,52,46-55
9641,64299,Armando Mcghee,Male,1959-01-03,'Gardening',Bolton,Sales Executive,4477,66,66+
9642,83934,Rex Shumock,Female,1972-11-24,"'Cooking', 'Food and dining', 'Music', 'Gaming'",Preston,Quality Assurance Analyst,4203,53,46-55
9643,72610,Guillermo Sanchez,Female,1969-06-19,"'Travel', 'Movies', 'Parenting and family'",Bolton,Mechanic,2804,56,56-65
9644,7797,Consuela Strauss,Female,1958-07-29,"'Fitness', 'History', 'Movies', 'Business and entrepreneurship', 'Movies'",Manchester,Financial Analyst,4484,67,66+
9645,41460,Linda Treto,Male,1977-07-16,"'Art', 'Gaming', 'Art', 'Cooking'",Liverpool,Teacher,3801,48,46-55
9646,23605,Marlene Lynch,Female,1957-03-14,"'Health and wellness', 'Music'",Manchester,Sales Executive,3713,68,66+
9647,32539,Charles Lampl,Male,1978-02-21,"'History', 'Sports', 'Travel', 'DIY and crafts', 'Science'",Manchester,Financial Analyst,6387,47,46-55
9648,12230,William Lorenz,Female,1986-09-07,"'Business and entrepreneurship', 'Beauty', 'Nature'",Manchester,Software Engineer,7633,39,36-45
9649,3103,Alisha Alford,Female,1959-12-07,"'Music', 'Education and learning', 'Cooking'",Bolton,Quality Assurance Analyst,4162,66,66+
9650,47601,Jonathan Nevarez,Female,1972-01-26,"'Music', 'Art'",Bolton,Market Research Analyst,3581,53,46-55
9651,73682,Lavone Roberson,Female,1982-09-20,"'Science', 'Fitness', 'Beauty', 'Gardening', 'Beauty'",Manchester,Financial Analyst,4257,43,36-45
9652,66998,Natalie Atkins,Male,1990-10-22,'History',Liverpool,Financial Analyst,4218,35,36-45
9653,30823,Jean Farina,Female,1987-09-19,"'Beauty', 'Outdoor activities', 'Books'",Liverpool,Taxi Driver,4167,38,36-45
9654,48581,Doris Morris,Male,1972-03-15,'Health and wellness',Preston,Barista,2054,53,46-55
9655,1698,Tammy Jernejcic,Male,1954-09-17,"'Cars and automobiles', 'Food and dining', 'Cars and automobiles', 'Outdoor activities', 'Health and wellness'",Liverpool,Loan Officer,4384,71,66+
9656,88014,Edward Craighead,Female,1988-07-22,"'Fitness', 'History', 'Nature'",Manchester,Human Resources Coordinator,4477,37,36-45
9657,62789,Courtney Crooks,Male,1957-09-14,'Business and entrepreneurship',Liverpool,Accountant,4046,68,66+
9658,23896,Mary Richards,Male,1975-04-10,"'Pets', 'Education and learning', 'Gaming', 'Art'",Preston,Data Analyst,6290,50,46-55
9659,28464,Carolyne Kaba,Female,1957-05-16,"'Politics', 'Sports', 'Movies'",Bolton,Mechanic,3923,68,66+
9660,9511,Bob Boshart,Female,2001-08-27,'History',Liverpool,Corporate Trainer,7333,24,18-25
9661,91699,Abigail Iglesias,Female,1964-11-15,'Technology',Preston,Teacher,3534,61,56-65
9662,2626,Grace Scott,Female,1986-04-26,"'History', 'Food and dining', 'Food and dining', 'Photography', 'Fitness'",Liverpool,Corporate Trainer,5332,39,36-45
9663,56650,Tiffany Dolan,Male,1983-09-28,"'Cooking', 'Art', 'Education and learning', 'Health and wellness', 'Education and learning'",Preston,Sales Executive,5087,42,36-45
9664,43138,Felicia Gilreath,Male,1993-04-02,"'Cars and automobiles', 'Education and learning', 'Science', 'Beauty', 'Cooking'",Stockport,Chef,3098,32,26-35
9665,85279,Eugene Siple,Female,1993-01-03,'Art',Manchester,Event Coordinator,5652,32,26-35
9666,92604,Harlan Barrera,Male,2001-05-27,'Science',Preston,Taxi Driver,2739,24,18-25
9667,2098,Janelle Drummond,Male,1969-09-10,'Social causes and activism',Bolton,Event Coordinator,4752,56,56-65
9668,74787,Roberto Gill,Female,1977-04-24,"'Business and entrepreneurship', 'Fashion', 'Outdoor activities'",Liverpool,IT technician,3591,48,46-55
9669,61959,Mary Hall,Female,1968-10-02,"'Fitness', 'DIY and crafts', 'Nature', 'Movies'",Manchester,Public Relations Specialist,4719,57,56-65
9670,69878,Gwendolyn Williams,Male,2004-08-07,"'DIY and crafts', 'Movies'",Stockport,Sales Executive,6218,21,18-25
9671,458,John Loos,Male,1960-07-07,'Politics',Manchester,Sales Associate,3339,65,66+
9672,71215,Linda Davis,Female,2001-11-23,'DIY and crafts',Bolton,Corporate Trainer,5840,24,18-25
9673,46921,Christine Ng,Female,1978-06-13,"'Outdoor activities', 'Nature', 'Books'",Preston,Market Research Analyst,5869,47,46-55
9674,86636,Kasey Lasseter,Male,1999-02-05,"'Technology', 'Photography'",Liverpool,Barista,2799,26,26-35
9675,61194,Mary Sheperd,Male,1993-11-11,"'Pets', 'Movies'",Bolton,Taxi Driver,2897,32,26-35
9676,56202,Eric Long,Female,2004-11-20,"'Travel', 'Cooking', 'Sports', 'Business and entrepreneurship'",Preston,Electrician,4335,21,18-25
9677,77263,Garth Ferrara,Male,1994-07-30,"'Art', 'Fashion'",Manchester,Taxi Driver,2097,31,26-35
9678,21680,Brooke Huff,Female,1970-09-02,'Pets',Preston,Delivery Driver,2526,55,56-65
9679,99462,John Oates,Female,1985-02-17,"'Health and wellness', 'Finance and investments'",Liverpool,Business Consultant,8528,40,36-45
9680,66648,Corey Aust,Female,1994-03-31,"'Outdoor activities', 'Music', 'Sports', 'Politics'",Manchester,Taxi Driver,2432,31,26-35
9681,9003,Richard Cox,Male,1980-09-11,"'History', 'Finance and investments', 'Music', 'Politics', 'DIY and crafts'",Manchester,HR Manager,5061,45,46-55
9682,40620,Terry Barrett,Male,1978-11-15,"'Science', 'Fitness', 'Parenting and family', 'Books'",Manchester,Public Relations Specialist,4606,47,46-55
9683,57395,Raymond Ritzman,Female,1958-11-26,"'Science', 'Pets', 'Business and entrepreneurship'",Manchester,Event Coordinator,3619,67,66+
9684,17096,Ann Dixon,Male,1957-10-19,"'Fitness', 'Gardening', 'Technology'",Bolton,Delivery Driver,2895,68,66+
9685,72530,David Shively,Male,1973-04-20,"'Movies', 'Movies', 'Travel'",Stockport,HR Manager,5042,52,46-55
9686,10362,Madeline Ford,Female,1954-09-08,"'Fitness', 'Cooking', 'Music'",Stockport,Event Coordinator,5674,71,66+
9687,85080,Edna Ketcher,Male,1979-04-17,"'Books', 'Art', 'Beauty', 'Fashion'",Liverpool,Teacher,3066,46,46-55
9688,32081,Josefa Beckwith,Male,2001-07-26,"'Cars and automobiles', 'Finance and investments', 'Music', 'Health and wellness'",Manchester,Delivery Driver,2348,24,18-25
9689,78484,Joseph Riley,Male,1986-07-18,"'Parenting and family', 'Photography', 'History'",Stockport,Event Coordinator,4708,39,36-45
9690,80486,Sue Santos,Male,1981-04-12,"'Sports', 'Parenting and family', 'Nature'",Bolton,Human Resources Coordinator,5550,44,36-45
9691,54818,Heather Rendon,Female,1964-07-14,"'DIY and crafts', 'Education and learning', 'Gardening', 'Cooking', 'Education and learning'",Manchester,Sales Associate,4205,61,56-65
9692,26592,Kai Harned,Male,1996-01-15,"'Outdoor activities', 'Beauty', 'Fashion', 'Finance and investments', 'Fashion'",Liverpool,Receptionist,2864,29,26-35
9693,34977,Emma Mangum,Female,1971-12-15,"'Pets', 'Nature', 'Cars and automobiles'",Stockport,Construction Worker,3493,54,46-55
9694,80506,Marion Haddock,Female,1974-11-24,"'Art', 'DIY and crafts', 'Business and entrepreneurship', 'Books', 'DIY and crafts'",Manchester,Receptionist,4064,51,46-55
9695,94145,Sharon Baker,Female,1998-12-20,"'Gaming', 'Parenting and family'",Liverpool,Cleaner,2284,27,26-35
9696,96296,Linda Gardner,Male,1999-10-18,"'Fashion', 'Parenting and family'",Manchester,Accountant,4313,26,26-35
9697,68384,Billy Burnette,Female,1996-05-15,'Cars and automobiles',Bolton,Barista,2206,29,26-35
9698,45747,Tammy Gass,Male,1961-05-26,'Politics',Manchester,Human Resources Coordinator,4518,64,56-65
9699,92365,Angel Christiansen,Male,1965-06-27,"'Parenting and family', 'Photography', 'Politics'",Preston,Cleaner,2396,60,56-65
9700,6661,Eileen Rogers,Female,1972-05-31,"'Pets', 'Education and learning', 'Photography'",Liverpool,Event Coordinator,4254,53,46-55
9701,15520,Dorothy Mcintosh,Female,1989-03-04,'Travel',Liverpool,Chef,3056,36,36-45
9702,11847,Dominic Oates,Male,1968-12-23,"'Fashion', 'Gaming', 'Books', 'Pets'",Manchester,Mechanic,4144,57,56-65
9703,16559,Yvonne Kinnaman,Male,1994-06-10,"'Gardening', 'Nature', 'Pets'",Liverpool,Procurement Specialist,5792,31,26-35
9704,25051,Kristin Price,Male,1970-09-29,"'Pets', 'Cars and automobiles', 'Education and learning', 'History', 'DIY and crafts'",Preston,Data Analyst,4667,55,56-65
9705,25232,Karen Miller,Female,1997-08-29,"'Social causes and activism', 'Cooking', 'Movies', 'Fashion'",Bolton,Taxi Driver,4342,28,26-35
9706,24430,Inez Leadbetter,Male,1977-01-15,"'Fashion', 'Social causes and activism', 'Sports'",Preston,Delivery Driver,3158,48,46-55
9707,6760,Michael Bidlack,Female,1973-08-29,"'Technology', 'Education and learning', 'Fitness', 'Parenting and family', 'Nature'",Stockport,Receptionist,3605,52,46-55
9708,19621,Naomi Hayes,Male,1988-05-14,"'Travel', 'DIY and crafts', 'Gaming', 'Nature', 'Technology'",Bolton,Event Coordinator,6129,37,36-45
9709,9673,Andrew Self,Female,1958-05-04,"'Technology', 'Nature', 'Science', 'Sports', 'Parenting and family'",Bolton,Compliance Officer,5801,67,66+
9710,59707,Amanda Servant,Male,1976-02-04,'Gaming',Manchester,Sales Executive,5530,49,46-55
9711,86306,Shannon Dillard,Male,1962-11-01,'Parenting and family',Stockport,Technical Writer,6625,63,56-65
9712,68199,Ashlie Johnson,Male,1996-07-20,"'Movies', 'Food and dining'",Preston,Teacher,4594,29,26-35
9713,34596,Noemi Johnson,Male,1954-10-15,"'Food and dining', 'Business and entrepreneurship'",Bolton,Financial Analyst,5295,71,66+
9714,9092,Matthew Sigler,Female,1966-12-08,"'Science', 'Sports', 'Gardening'",Preston,Corporate Trainer,6508,59,56-65
9715,35374,Gloria Knight,Female,1995-09-16,'Science',Bolton,Software Engineer,5602,30,26-35
9716,12491,Dawn Roza,Female,2002-02-07,"'Art', 'Travel', 'Pets', 'Fashion'",Bolton,Mechanic,3963,23,18-25
9717,89041,Adam Boling,Female,2001-07-22,"'Books', 'Politics', 'Politics', 'Sports', 'Health and wellness'",Stockport,Compliance Officer,5184,24,18-25
9718,7169,Robert Thomason,Male,1966-12-15,"'Gaming', 'Movies', 'Cooking', 'Pets', 'Education and learning'",Manchester,Mechanic,4828,59,56-65
9719,19697,Jonathon Dunn,Male,1967-04-22,"'Nature', 'Sports', 'Business and entrepreneurship', 'Cars and automobiles', 'Fitness'",Bolton,IT technician,4166,58,56-65
9720,26459,Gary Smith,Female,1968-09-28,"'Health and wellness', 'DIY and crafts'",Stockport,Financial Analyst,4162,57,56-65
9721,65818,Martha Brown,Male,1956-12-21,"'Health and wellness', 'Health and wellness', 'Books', 'Music', 'Outdoor activities'",Liverpool,Cleaner,2959,69,66+
9722,27143,William Mcarthur,Female,2003-03-15,'Pets',Preston,Sales Executive,4274,22,18-25
9723,16775,Howard Shaw,Female,1959-06-24,"'Pets', 'Health and wellness', 'Nature'",Preston,Event Coordinator,4774,66,66+
9724,59804,James Mathis,Male,1981-09-02,"'Sports', 'Social causes and activism'",Bolton,Compliance Officer,4708,44,36-45
9725,46444,Jason Dux,Female,1994-10-03,"'Finance and investments', 'Outdoor activities', 'Gaming', 'Sports'",Bolton,Public Relations Specialist,5763,31,26-35
9726,69432,James Dole,Female,1995-05-23,'Fashion',Preston,Office Administrator,4604,30,26-35
9727,47944,Terrence Kerr,Male,1964-12-16,"'Gaming', 'Business and entrepreneurship'",Bolton,Receptionist,4129,61,56-65
9728,98867,Judith Savoy,Male,2004-04-18,"'Technology', 'Fashion', 'Outdoor activities'",Bolton,Compliance Officer,6034,21,18-25
9729,39293,Daniel Monroe,Female,2003-06-27,"'Music', 'Nature', 'Photography', 'Gardening'",Manchester,Delivery Driver,2708,22,18-25
9730,49729,Patricia Taylor,Female,1955-11-04,"'Finance and investments', 'Gaming', 'Education and learning', 'Education and learning'",Preston,HR Manager,5033,70,66+
9731,77384,Frank Marsh,Male,1985-09-23,'Parenting and family',Stockport,Taxi Driver,2895,40,36-45
9732,79438,Kelly Bower,Female,1962-02-05,"'Technology', 'Music', 'History'",Preston,Data Analyst,6317,63,56-65
9733,63234,Griselda Helems,Female,1959-11-03,"'Outdoor activities', 'Education and learning'",Manchester,Construction Worker,3266,66,66+
9734,58344,Eula Robinson,Male,1967-06-10,"'Art', 'Parenting and family', 'Photography'",Liverpool,Human Resources Coordinator,5612,58,56-65
9735,4146,Stephanie Huffman,Female,1970-08-31,"'Finance and investments', 'Outdoor activities'",Bolton,Mechanic,4844,55,56-65
9736,94059,Heather Spencer,Female,1956-01-18,"'Finance and investments', 'Gaming', 'Parenting and family'",Stockport,Marketing Specialist,3875,69,66+
9737,20504,Katie Taylor,Female,1973-11-14,"'Music', 'Health and wellness', 'Books', 'Cooking', 'Business and entrepreneurship'",Preston,Construction Worker,3013,52,46-55
9738,22882,Bradley Brasure,Male,1982-01-07,'Technology',Liverpool,Software Engineer,8059,43,36-45
9739,4388,Priscilla Turner,Female,1984-06-30,"'Fashion', 'History', 'Music'",Stockport,Procurement Specialist,5712,41,36-45
9740,5481,Catherine Lucas,Female,1968-01-02,"'Pets', 'Gaming', 'Food and dining'",Manchester,Quality Assurance Analyst,5628,57,56-65
9741,98846,Willie Jackson,Female,1954-07-29,'Outdoor activities',Stockport,Barista,2130,71,66+
9742,88998,Brent Guerrier,Female,1995-03-14,'Health and wellness',Liverpool,Office Administrator,3604,30,26-35
9743,62051,Harry Ramos,Female,1999-04-23,"'Travel', 'Art', 'History', 'Travel', 'Food and dining'",Preston,Market Research Analyst,5030,26,26-35
9744,72063,James Schmitz,Female,1985-09-24,'Science',Liverpool,Market Research Analyst,5943,40,36-45
9745,65002,Robert Coleman,Female,2001-02-03,"'Technology', 'Fitness', 'Beauty'",Liverpool,Corporate Trainer,7878,24,18-25
9746,6970,Jessica Lilley,Female,1965-12-17,"'Photography', 'Technology', 'Art', 'Social causes and activism'",Liverpool,Chef,4944,60,56-65
9747,23504,James Conn,Female,1965-06-23,"'Social causes and activism', 'Education and learning', 'Sports'",Preston,IT technician,4729,60,56-65
9748,88163,Robert Shinn,Male,1990-11-03,"'Movies', 'Technology'",Bolton,Barista,2217,35,36-45
9749,34473,Charles Fernandez,Male,1996-06-20,"'Books', 'Science', 'Fashion'",Preston,Mechanic,3210,29,26-35
9750,47940,Floyd Shackley,Female,1971-03-18,"'Pets', 'Art', 'Gaming', 'Photography'",Liverpool,Event Coordinator,3779,54,46-55
9751,15316,Olivia Strauss,Male,1998-11-29,"'Parenting and family', 'Fashion', 'Fashion', 'Fashion'",Liverpool,Office Administrator,2947,27,26-35
9752,89754,Jonathan Pollock,Female,1988-10-02,'Music',Bolton,Taxi Driver,2919,37,36-45
9753,38167,Gloria Harrison,Male,1954-02-23,"'Gardening', 'Education and learning', 'Social causes and activism'",Liverpool,Technical Writer,4766,71,66+
9754,90945,Teresa Hauman,Female,1990-06-22,"'Science', 'Fashion'",Bolton,Office Administrator,3004,35,36-45
9755,5829,Mary Green,Male,1994-04-16,"'DIY and crafts', 'Finance and investments', 'Education and learning', 'Fitness', 'Gaming'",Liverpool,Loan Officer,4977,31,26-35
9756,75669,Shenna Moody,Female,1986-05-19,"'Travel', 'Politics', 'DIY and crafts'",Manchester,Corporate Trainer,7709,39,36-45
9757,56834,Shameka Bowser,Female,2000-04-26,"'DIY and crafts', 'Photography', 'Gaming', 'Politics', 'Cooking'",Preston,Business Consultant,10097,25,26-35
9758,30968,Therese Mullins,Female,1974-07-15,"'Gardening', 'Travel', 'Art'",Stockport,Delivery Driver,3144,51,46-55
9759,55696,Casey Breedlove,Female,1977-04-22,"'Fitness', 'DIY and crafts', 'Politics', 'Science'",Manchester,Sales Executive,6755,48,46-55
9760,63364,John Leverett,Male,2001-10-17,"'Parenting and family', 'Fitness', 'Gaming', 'Education and learning', 'Finance and investments'",Bolton,Accountant,4944,24,18-25
9761,41858,Pablo Miller,Female,1959-08-03,'Fashion',Preston,Financial Analyst,5425,66,66+
9762,22849,Martha Bader,Female,2000-09-07,"'Business and entrepreneurship', 'Music', 'Fitness'",Preston,Compliance Officer,7009,25,26-35
9763,26081,Angela Lash,Male,1976-11-08,"'Business and entrepreneurship', 'Politics', 'Art'",Manchester,Waiter,2683,49,46-55
9764,22057,Aaron Knox,Male,1991-10-16,"'Gaming', 'Gardening', 'Business and entrepreneurship', 'Gardening'",Preston,Cleaner,2630,34,26-35
9765,73242,Melinda Moeller,Female,1982-01-17,"'Gaming', 'Books', 'Food and dining', 'Education and learning'",Preston,Quality Assurance Analyst,4931,43,36-45
9766,79760,Esther Gee,Male,1963-03-08,"'Travel', 'Sports', 'Gaming'",Preston,Public Relations Specialist,6764,62,56-65
9767,27742,Tanika Zana,Male,1964-10-02,'Music',Bolton,Waiter,2771,61,56-65
9768,46411,Bernard Fowler,Female,1994-01-19,"'Pets', 'Social causes and activism', 'Movies'",Liverpool,Loan Officer,3912,31,26-35
9769,94187,Joshua Espinosa,Female,1983-09-17,"'Books', 'Cars and automobiles', 'History', 'DIY and crafts', 'Cooking'",Stockport,Sales Executive,3971,42,36-45
9770,61644,Fernando Padilla,Male,1990-12-22,"'Gaming', 'Gaming', 'Fashion', 'Social causes and activism', 'Science'",Manchester,Taxi Driver,4024,35,36-45
9771,29958,Louis Harmon,Male,1972-02-12,"'Fashion', 'DIY and crafts', 'Fashion'",Preston,Chef,5203,53,46-55
9772,98612,Ronald Peters,Male,1988-10-27,"'Movies', 'Nature', 'DIY and crafts', 'Fashion', 'Fitness'",Stockport,Office Administrator,3415,37,36-45
9773,22129,Jacob Bello,Male,1968-01-31,"'Pets', 'Science'",Bolton,Market Research Analyst,5994,57,56-65
9774,41420,Steven Castle,Female,1987-07-12,"'Fashion', 'Gaming', 'Photography'",Manchester,Sales Associate,4062,38,36-45
9775,36617,Richard Jenkins,Male,1976-09-05,"'Gaming', 'Beauty', 'Photography', 'Books'",Stockport,Software Engineer,8704,49,46-55
9776,9976,Juan Scrudato,Male,1959-05-15,"'Music', 'Cooking', 'Fitness', 'Social causes and activism', 'Health and wellness'",Manchester,Sales Executive,7031,66,66+
9777,62989,Sonny Garske,Male,1994-04-28,'Art',Liverpool,Teacher,2829,31,26-35
9778,93647,Elizabeth Pea,Male,1972-05-11,'Pets',Liverpool,Teacher,4629,53,46-55
9779,64138,Laura Perez,Male,1955-02-20,"'Music', 'Nature', 'Education and learning', 'Business and entrepreneurship', 'Science'",Liverpool,Marketing Specialist,3879,70,66+
9780,39969,Jose Donaldson,Female,1996-12-27,"'Politics', 'Music'",Stockport,Project Manager,7602,29,26-35
9781,1473,Henry Reyes,Female,2000-07-25,"'Nature', 'Art', 'Social causes and activism'",Preston,Receptionist,2507,25,26-35
9782,63094,Dolores Leland,Female,2003-01-15,"'Books', 'Pets', 'Gaming', 'Movies', 'Education and learning'",Liverpool,Data Analyst,4542,22,18-25
9783,96866,Sean Eicher,Female,1975-11-28,"'Cars and automobiles', 'Parenting and family', 'Outdoor activities'",Manchester,Event Coordinator,3990,50,46-55
9784,74255,Nancy Brooks,Male,2001-08-29,"'Parenting and family', 'Food and dining', 'History', 'Fashion'",Stockport,Waiter,2541,24,18-25
9785,58464,Terri Jenkins,Male,2003-02-28,"'Cars and automobiles', 'Food and dining', 'Parenting and family'",Preston,Human Resources Coordinator,5740,22,18-25
9786,43691,Stan Patton,Female,1984-01-30,"'Movies', 'History'",Stockport,Event Coordinator,3560,41,36-45
9787,40020,John Bryant,Female,1961-09-02,'Movies',Bolton,Accountant,5733,64,56-65
9788,21001,Carl Propheter,Female,1985-01-23,"'Business and entrepreneurship', 'Movies', 'Music', 'Pets', 'Fashion'",Bolton,Business Consultant,7464,40,36-45
9789,51471,Joyce Stowe,Male,2002-09-19,'History',Preston,HR Manager,4915,23,18-25
9790,23375,Robert Sannicolas,Female,1954-09-05,"'Fitness', 'Fashion', 'DIY and crafts', 'Beauty'",Preston,HR Manager,5993,71,66+
9791,97330,Raymond Depuy,Male,2003-01-09,"'Fitness', 'Fitness', 'Finance and investments', 'Science'",Manchester,Construction Worker,3522,22,18-25
9792,14658,George Smith,Female,2003-08-31,"'Finance and investments', 'Business and entrepreneurship'",Preston,Financial Analyst,4954,22,18-25
9793,33926,Ella Charlot,Female,1986-10-14,"'Parenting and family', 'Cars and automobiles'",Bolton,Project Manager,7756,39,36-45
9794,88058,Curtis Brogdon,Female,1961-12-08,'Food and dining',Stockport,Procurement Specialist,4623,64,56-65
9795,8190,Angel Beachum,Male,1995-12-25,'History',Bolton,Technical Writer,5808,30,26-35
9796,55346,Daniel Caminiti,Male,1971-03-06,"'Fashion', 'Food and dining', 'Outdoor activities'",Liverpool,Chef,4690,54,46-55
9797,36858,Wesley Johnson,Female,1956-08-10,"'Cooking', 'Finance and investments'",Stockport,Teacher,3944,69,66+
9798,83220,David Strohman,Female,1971-08-05,"'Art', 'Art', 'Finance and investments', 'Books'",Manchester,Cleaner,3108,54,46-55
9799,42848,Maureen Miles,Female,1961-07-30,"'Fitness', 'Politics', 'Food and dining'",Bolton,Electrician,4118,64,56-65
9800,52581,Sarah Andrews,Male,2003-04-04,"'Social causes and activism', 'Parenting and family', 'Travel', 'Science'",Bolton,Sales Associate,3400,22,18-25
9801,80890,Frances Verdugo,Female,1995-12-18,"'Movies', 'Music', 'Science', 'Gaming'",Liverpool,Human Resources Coordinator,4852,30,26-35
9802,59319,Mark Ferguson,Male,1984-10-16,'Politics',Preston,Barista,2662,41,36-45
9803,97007,Raleigh Falcon,Male,1961-02-03,'Pets',Stockport,Technical Writer,5359,64,56-65
9804,48764,Mirta Demirchyan,Male,1974-08-30,"'Pets', 'Beauty', 'Technology', 'Sports', 'Beauty'",Manchester,Mechanic,3042,51,46-55
9805,66720,Elizabeth Schnee,Female,1989-10-02,"'Movies', 'Art', 'Science', 'Nature'",Liverpool,Data Analyst,4489,36,36-45
9806,26323,Dennis Bowers,Male,1993-02-18,"'Books', 'Movies', 'DIY and crafts', 'History', 'Finance and investments'",Stockport,Human Resources Coordinator,4952,32,26-35
9807,6538,Dorothy Millen,Male,1957-03-02,'Cooking',Bolton,Office Administrator,2876,68,66+
9808,64788,Carolyn Brown,Male,1957-03-31,"'Music', 'Fashion'",Manchester,Teacher,3559,68,66+
9809,70797,Buster Azure,Male,1995-09-17,"'Social causes and activism', 'Pets'",Liverpool,IT technician,3243,30,26-35
9810,83860,Denise Spears,Female,1955-01-24,"'Gaming', 'Cars and automobiles'",Preston,HR Manager,6110,70,66+
9811,82106,Thomas Stjohn,Female,1967-07-25,"'Art', 'Photography'",Bolton,Financial Analyst,6209,58,56-65
9812,82715,Cecil Hillman,Female,1998-02-15,"'Pets', 'Books', 'Parenting and family', 'Health and wellness'",Liverpool,Business Consultant,11799,27,26-35
9813,65315,Alice Diem,Male,2001-06-13,"'Business and entrepreneurship', 'Music'",Stockport,Quality Assurance Analyst,6528,24,18-25
9814,4932,Carl Bryant,Male,1979-09-27,"'Cars and automobiles', 'Cars and automobiles', 'Books', 'History'",Manchester,Sales Associate,2582,46,46-55
9815,96845,Robert Boswell,Female,1995-03-26,'History',Manchester,Construction Worker,3237,30,26-35
9816,53702,Eugene Rice,Male,1965-01-27,"'Science', 'Cooking', 'Social causes and activism'",Stockport,Procurement Specialist,4655,60,56-65
9817,84719,Perry Oliver,Female,2001-09-25,'Finance and investments',Manchester,IT technician,3997,24,18-25
9818,99478,Hector Burt,Male,2004-09-06,"'Art', 'Art', 'History', 'Health and wellness'",Liverpool,Chef,4181,21,18-25
9819,79075,Tammy Freeman,Male,1998-06-27,"'Fitness', 'Education and learning', 'Cars and automobiles'",Manchester,Quality Assurance Analyst,5975,27,26-35
9820,92061,Ronnie Anderson,Male,1982-08-28,"'Gardening', 'Food and dining', 'Food and dining'",Preston,Waiter,2455,43,36-45
9821,46593,Carl Rook,Male,1972-04-26,'Beauty',Manchester,Cleaner,2060,53,46-55
9822,25858,Alma Urbancic,Female,1980-05-27,"'Outdoor activities', 'Art', 'Pets', 'Cars and automobiles'",Bolton,Quality Assurance Analyst,6297,45,46-55
9823,64944,Angela Walston,Male,1954-11-03,"'Social causes and activism', 'Beauty', 'History', 'Gaming'",Preston,Public Relations Specialist,6087,71,66+
9824,64985,Ronald Torbert,Female,1995-06-30,"'DIY and crafts', 'Finance and investments'",Liverpool,Waiter,2313,30,26-35
9825,10743,Denise Williams,Female,1962-09-01,"'DIY and crafts', 'Social causes and activism', 'Sports', 'Sports', 'Health and wellness'",Manchester,Electrician,2958,63,56-65
9826,29208,Norma Dillon,Male,1984-04-10,"'Sports', 'Food and dining', 'Books', 'Finance and investments'",Liverpool,Receptionist,4238,41,36-45
9827,5580,Ron Stemp,Male,1989-11-05,'Nature',Stockport,Mechanic,3143,36,36-45
9828,21958,Herbert Johnson,Female,1964-02-10,'Technology',Manchester,Quality Assurance Analyst,5438,61,56-65
9829,88293,Carol Brown,Female,2003-09-08,"'Science', 'Books', 'Cars and automobiles'",Preston,Sales Executive,6001,22,18-25
9830,96984,Becky Johnson,Male,1973-03-04,"'Politics', 'Travel', 'Fitness', 'Fashion', 'Music'",Bolton,Compliance Officer,6967,52,46-55
9831,71336,Ashley Mccarthy,Male,1987-01-11,"'Pets', 'Health and wellness', 'Science'",Bolton,Data Analyst,5251,38,36-45
9832,41345,Annette Phillips,Female,1985-09-22,"'DIY and crafts', 'Food and dining', 'Gardening', 'History'",Preston,Event Coordinator,6179,40,36-45
9833,21438,Roland Porto,Female,1987-02-10,"'Science', 'Cooking'",Stockport,Waiter,2472,38,36-45
9834,69525,Eloisa Everts,Female,1980-02-05,"'Art', 'Gaming'",Liverpool,Construction Worker,2708,45,46-55
9835,10856,Donald Sweet,Male,1996-05-08,'Pets',Liverpool,Mechanic,4816,29,26-35
9836,89283,Michelle Plunkett,Female,1991-08-20,"'Gaming', 'History'",Stockport,Receptionist,3086,34,26-35
9837,59586,Gerardo Ames,Female,1954-08-08,"'Fashion', 'Finance and investments', 'Health and wellness', 'Art', 'DIY and crafts'",Liverpool,Corporate Trainer,4379,71,66+
9838,71203,Christina Brown,Male,1994-02-11,'Gaming',Manchester,Waiter,2373,31,26-35
9839,68853,Ernest Kilday,Female,1995-02-24,"'Cars and automobiles', 'History', 'Finance and investments', 'Cooking'",Preston,Receptionist,3135,30,26-35
9840,9352,Brandi Bent,Male,1992-12-08,"'Pets', 'Photography', 'Education and learning', 'Fashion', 'Fashion'",Manchester,Human Resources Coordinator,5115,33,26-35
9841,54168,Anthony Gutierrez,Male,1973-11-01,"'Travel', 'Cars and automobiles', 'DIY and crafts', 'Travel', 'Beauty'",Bolton,Receptionist,4305,52,46-55
9842,70236,Vanessa Yazzie,Female,1987-03-28,"'Technology', 'Nature', 'History', 'Parenting and family'",Stockport,HR Manager,5285,38,36-45
9843,65623,Lisa Nagata,Male,1997-03-19,"'Fashion', 'Books'",Preston,Taxi Driver,3193,28,26-35
9844,95871,Cindy Johnson,Female,1991-01-17,'Technology',Preston,Barista,2852,34,26-35
9845,19091,Josephine Carr,Female,1971-08-25,"'Social causes and activism', 'Sports', 'Food and dining', 'History'",Bolton,HR Manager,5111,54,46-55
9846,8590,Amy Simmons,Male,1963-06-19,'Movies',Manchester,IT technician,3887,62,56-65
9847,9058,Verona Spencer,Male,1967-03-01,"'Fashion', 'History', 'Education and learning'",Preston,Human Resources Coordinator,5204,58,56-65
9848,46211,Yvette Stone,Female,1981-08-31,"'Books', 'Fitness'",Manchester,Mechanic,2868,44,36-45
9849,95858,Jose Weaver,Male,1989-01-17,"'DIY and crafts', 'Education and learning', 'Education and learning', 'Health and wellness'",Stockport,Financial Analyst,5305,36,36-45
9850,96807,Raymond Argento,Male,1986-04-07,"'Social causes and activism', 'Gardening', 'Fashion', 'Education and learning', 'Technology'",Liverpool,Corporate Trainer,7733,39,36-45
9851,53692,James Lewis,Male,1992-11-13,"'History', 'Parenting and family', 'Finance and investments'",Stockport,Quality Assurance Analyst,3946,33,26-35
9852,57172,Michele Brookins,Female,1976-12-18,"'Music', 'Cars and automobiles', 'Fitness', 'DIY and crafts'",Stockport,Waiter,2963,49,46-55
9853,96848,Jeffrey Bowen,Male,1989-06-07,"'Education and learning', 'Food and dining', 'Health and wellness', 'Parenting and family'",Manchester,Delivery Driver,3462,36,36-45
9854,29413,Karl Petersen,Male,1979-05-30,"'Nature', 'Cars and automobiles', 'Pets', 'Business and entrepreneurship', 'Cars and automobiles'",Manchester,Marketing Specialist,5412,46,46-55
9855,78110,Vincent Stolar,Female,1991-05-12,"'Books', 'Pets', 'Movies', 'Cars and automobiles', 'Art'",Bolton,Sales Executive,6373,34,26-35
9856,65154,John Williamson,Female,1964-11-21,"'Art', 'Social causes and activism', 'Finance and investments'",Manchester,Procurement Specialist,6910,61,56-65
9857,70106,Martha Greer,Female,1998-07-29,"'Parenting and family', 'Fitness', 'Technology', 'Art', 'Cooking'",Stockport,Technical Writer,6588,27,26-35
9858,27068,Anita Welch,Female,1963-10-18,"'Fashion', 'Politics'",Manchester,Quality Assurance Analyst,6332,62,56-65
9859,87224,Virginia Deberry,Male,1998-10-06,"'Books', 'Cars and automobiles', 'Sports', 'Outdoor activities'",Preston,Event Coordinator,6075,27,26-35
9860,10707,John Johnson,Female,2002-06-28,"'DIY and crafts', 'Gaming'",Preston,Delivery Driver,2438,23,18-25
9861,97042,Erica Lowry,Female,1956-01-16,'Politics',Bolton,Accountant,4980,69,66+
9862,63794,Elmer Moody,Male,1967-11-22,"'DIY and crafts', 'Food and dining'",Preston,Financial Analyst,4939,58,56-65
9863,37457,Keith Garcia,Male,1983-12-07,"'Fitness', 'Technology', 'Books', 'Food and dining'",Preston,Construction Worker,3492,42,36-45
9864,33468,Nina Spellman,Male,1969-07-21,"'Books', 'Art'",Preston,Corporate Trainer,7473,56,56-65
9865,12270,Donn Anderson,Male,1974-01-17,"'Business and entrepreneurship', 'Science'",Preston,Business Consultant,6442,51,46-55
9866,90974,Rosalind Berube,Male,1974-07-09,'Photography',Manchester,IT technician,5120,51,46-55
9867,84716,Emily Hall,Male,1973-03-06,"'Outdoor activities', 'Movies', 'Science'",Manchester,Cleaner,2209,52,46-55
9868,52807,Matthew Turner,Female,1981-02-12,"'Beauty', 'Movies', 'Art'",Liverpool,Receptionist,2710,44,36-45
9869,54663,Sherlene Lovell,Female,1999-09-13,'Cars and automobiles',Bolton,Taxi Driver,2875,26,26-35
9870,60790,Linda Adkins,Male,1967-04-24,"'Education and learning', 'DIY and crafts', 'Business and entrepreneurship', 'Health and wellness'",Bolton,Taxi Driver,2506,58,56-65
9871,4746,Marc Demars,Male,1993-10-18,"'Education and learning', 'Music', 'Travel'",Preston,Quality Assurance Analyst,5875,32,26-35
9872,18491,Sol Cook,Female,1979-10-04,'Nature',Manchester,Receptionist,4147,46,46-55
9873,33042,Kristina Kirkland,Male,1966-02-26,"'Health and wellness', 'Music'",Manchester,Data Analyst,6036,59,56-65
9874,75695,Constance Bradley,Female,1998-12-17,'History',Manchester,Event Coordinator,3877,27,26-35
9875,20155,Victor Fischetti,Male,1974-08-14,"'Parenting and family', 'Business and entrepreneurship', 'Cars and automobiles', 'Health and wellness', 'Pets'",Liverpool,Teacher,2902,51,46-55
9876,59549,Maria Mccray,Male,1979-09-20,"'Fashion', 'Books', 'Health and wellness'",Preston,IT technician,5673,46,46-55
9877,12718,Josefina Castle,Male,1962-03-24,"'Music', 'Gaming', 'Cars and automobiles', 'Cars and automobiles'",Manchester,Market Research Analyst,5934,63,56-65
9878,27345,Sarah Mccain,Female,1976-01-18,'Technology',Liverpool,Technical Writer,5185,49,46-55
9879,98599,Michael Kaster,Female,1988-08-15,"'Food and dining', 'Nature'",Preston,Delivery Driver,3055,37,36-45
9880,3654,Raymond Davidson,Male,1990-02-13,"'Parenting and family', 'Books', 'Social causes and activism', 'Books'",Manchester,Sales Associate,3386,35,36-45
9881,13090,Sherry Brown,Female,1984-05-06,"'History', 'Finance and investments', 'Finance and investments', 'Music'",Manchester,Accountant,5303,41,36-45
9882,64437,Jose Smith,Female,1998-12-30,"'Science', 'Fashion', 'Photography', 'Fitness', 'Education and learning'",Liverpool,Waiter,2899,27,26-35
9883,37401,Nancy Dell,Female,1972-08-31,"'Sports', 'Technology'",Bolton,Office Administrator,3390,53,46-55
9884,16846,Taryn Carr,Male,1976-08-18,"'Cooking', 'Fashion'",Liverpool,Accountant,6282,49,46-55
9885,67042,Robert Dozier,Female,1970-06-30,"'Gaming', 'Books', 'DIY and crafts'",Liverpool,Cleaner,2073,55,56-65
9886,77869,Tommie Wong,Male,1981-03-11,"'Social causes and activism', 'Music'",Liverpool,Office Administrator,4521,44,36-45
9887,713,Gerald Moore,Male,1976-10-03,"'Gaming', 'Art', 'Beauty'",Liverpool,Chef,3980,49,46-55
9888,87003,Jerry Mercer,Female,1984-08-31,"'Music', 'Pets'",Liverpool,Procurement Specialist,5868,41,36-45
9889,65433,Grace Moffett,Female,1995-07-01,'Social causes and activism',Preston,IT technician,4752,30,26-35
9890,68809,Richard Haupt,Female,1981-09-01,"'Food and dining', 'Cars and automobiles'",Manchester,Quality Assurance Analyst,4263,44,36-45
9891,28962,Margaret Gardner,Male,1993-12-11,"'Photography', 'Politics', 'Beauty', 'Education and learning', 'Books'",Liverpool,Human Resources Coordinator,4218,32,26-35
9892,81391,Tracy Brown,Male,1993-04-29,"'Photography', 'Food and dining', 'Gaming', 'Cooking', 'Education and learning'",Bolton,Loan Officer,4294,32,26-35
9893,30145,Vicki Mayall,Female,1994-05-02,'Travel',Manchester,Waiter,3000,31,26-35
9894,20098,Jordan Marshall,Female,1956-11-18,'Cooking',Stockport,Procurement Specialist,5413,69,66+
9895,66490,Lisa Sanchez,Male,1972-03-09,'Beauty',Preston,Project Manager,5380,53,46-55
9896,11889,Eladia Vanhorn,Male,1964-02-27,"'Cooking', 'Cars and automobiles'",Liverpool,Financial Analyst,5725,61,56-65
9897,20771,Noah Shaw,Female,1974-07-13,'Outdoor activities',Bolton,Electrician,3483,51,46-55
9898,76075,Janet Trahan,Female,1960-12-08,"'Fitness', 'Food and dining', 'Gardening'",Stockport,Delivery Driver,2313,65,66+
9899,58870,Billy Parker,Male,1962-03-16,"'Travel', 'Health and wellness', 'Finance and investments', 'Science', 'Fitness'",Manchester,Delivery Driver,2418,63,56-65
9900,16885,Steven Duke,Female,1986-03-11,"'Photography', 'Finance and investments', 'Business and entrepreneurship'",Preston,Procurement Specialist,6296,39,36-45
9901,44059,Elmer Ramos,Male,1989-04-16,"'Gaming', 'Technology', 'Social causes and activism'",Preston,Human Resources Coordinator,3771,36,36-45
9902,81473,Ferdinand Rice,Male,1987-03-27,"'Travel', 'Politics', 'Science', 'Fashion'",Stockport,Corporate Trainer,6254,38,36-45
9903,17502,Francisco Beatty,Female,1979-02-18,"'Finance and investments', 'Science'",Manchester,Office Administrator,3099,46,46-55
9904,80276,Wendy Sirmons,Male,1987-08-23,"'Sports', 'Technology', 'Outdoor activities'",Manchester,Market Research Analyst,6663,38,36-45
9905,51622,William Harms,Male,1971-08-12,'Health and wellness',Manchester,Mechanic,3790,54,46-55
9906,2334,Margaret Bowling,Female,1990-01-24,"'DIY and crafts', 'Technology', 'Social causes and activism'",Preston,Receptionist,2952,35,36-45
9907,70432,Ruby Whitley,Male,1958-03-19,'Finance and investments',Stockport,Office Administrator,4078,67,66+
9908,20728,Letha Garcia,Female,2000-05-27,"'Books', 'Cooking'",Bolton,Mechanic,4884,25,26-35
9909,54594,Rene Cook,Female,1975-05-11,"'Nature', 'Food and dining'",Bolton,Software Engineer,5642,50,46-55
9910,37477,Wesley Heater,Female,1958-06-15,"'Business and entrepreneurship', 'Politics', 'DIY and crafts', 'Gardening'",Manchester,Sales Associate,3884,67,66+
9911,73038,Valerie Leko,Female,1970-10-21,"'Outdoor activities', 'Social causes and activism'",Bolton,IT technician,3184,55,56-65
9912,15303,Stephan Curtis,Female,1969-08-01,"'Education and learning', 'History', 'Gaming', 'Cars and automobiles'",Liverpool,Taxi Driver,2773,56,56-65
9913,85055,Kim Sitton,Female,1964-10-16,"'Art', 'Travel', 'Outdoor activities'",Manchester,Loan Officer,4987,61,56-65
9914,92058,Sonia Manske,Female,1991-07-12,'Technology',Preston,HR Manager,4063,34,26-35
9915,1446,Joseph Heffner,Female,1955-03-09,"'Travel', 'Cars and automobiles'",Manchester,Marketing Specialist,3636,70,66+
9916,2609,Mireille Adamson,Male,1979-11-17,"'Cooking', 'Outdoor activities', 'Cooking'",Stockport,Financial Analyst,6831,46,46-55
9917,42202,Beverly Rickman,Male,1989-11-20,"'Nature', 'Politics'",Liverpool,Cleaner,2662,36,36-45
9918,43321,Robert Anderson,Male,1960-03-01,'Education and learning',Preston,Office Administrator,2876,65,66+
9919,36620,John Montes,Female,1997-01-20,'Sports',Liverpool,Corporate Trainer,5939,28,26-35
9920,34421,Adam Cohen,Male,1991-08-17,"'Art', 'Outdoor activities'",Stockport,Project Manager,8092,34,26-35
9921,22683,Jeri Kowal,Female,1965-06-30,"'Fashion', 'Social causes and activism'",Bolton,Office Administrator,3447,60,56-65
9922,87126,Jeffrey Austin,Female,1977-02-15,"'Music', 'Fashion'",Liverpool,Market Research Analyst,4410,48,46-55
9923,76398,Linda Montague,Male,1957-02-21,"'Business and entrepreneurship', 'Books'",Preston,Mechanic,2917,68,66+
9924,82253,James Ramsey,Female,1982-11-15,"'Outdoor activities', 'Photography', 'Fashion', 'Parenting and family', 'Business and entrepreneurship'",Preston,Chef,3272,43,36-45
9925,8127,Conrad Williams,Female,1995-11-22,"'Art', 'Sports', 'Movies', 'Science', 'Travel'",Manchester,Chef,3513,30,26-35
9926,42953,Carmen Caldwell,Male,1975-10-22,'Cars and automobiles',Preston,Taxi Driver,2381,50,46-55
9927,83132,Dominic Kratochvil,Male,1964-12-31,'Gaming',Stockport,Public Relations Specialist,5094,61,56-65
9928,29112,David Littell,Female,1984-07-18,"'Photography', 'Fitness'",Bolton,Mechanic,4499,41,36-45
9929,73962,Jeanetta Isreal,Male,1972-03-11,"'Cooking', 'Outdoor activities', 'Cars and automobiles', 'Outdoor activities'",Bolton,Taxi Driver,2911,53,46-55
9930,67384,Paula Smith,Male,1991-08-18,'Parenting and family',Manchester,Quality Assurance Analyst,4648,34,26-35
9931,44989,Dana Mayfield,Male,1974-03-02,"'Parenting and family', 'Food and dining', 'Business and entrepreneurship', 'Health and wellness'",Bolton,Data Analyst,3868,51,46-55
9932,60413,Emilie Lucas,Female,1974-11-27,"'History', 'Technology', 'Fitness', 'Cooking'",Bolton,Delivery Driver,2834,51,46-55
9933,19846,Bonita Wild,Female,1994-12-06,"'Gardening', 'Cooking'",Stockport,Human Resources Coordinator,5093,31,26-35
9934,25883,Harold Juarez,Female,1990-07-23,"'Fashion', 'Parenting and family', 'Outdoor activities', 'Movies', 'Nature'",Preston,Human Resources Coordinator,5651,35,36-45
9935,74059,Candice Payeur,Male,1996-08-07,"'Finance and investments', 'Music', 'Fitness', 'Gardening', 'Cooking'",Liverpool,Barista,2932,29,26-35
9936,75688,Bryan Krick,Male,1999-07-09,"'Outdoor activities', 'Fitness'",Manchester,Event Coordinator,4870,26,26-35
9937,33561,Robert Vieira,Male,1974-11-23,'Movies',Preston,Public Relations Specialist,4706,51,46-55
9938,39699,Miriam Nealey,Female,1993-05-08,"'Business and entrepreneurship', 'Art', 'Cars and automobiles'",Liverpool,Financial Analyst,6315,32,26-35
9939,1153,Jessica Willis,Female,2004-04-09,"'DIY and crafts', 'Parenting and family', 'Finance and investments'",Preston,Data Analyst,4575,21,18-25
9940,48384,Rebecca Stephens,Male,1960-11-30,"'Health and wellness', 'Parenting and family', 'Business and entrepreneurship', 'Technology'",Preston,Electrician,3331,65,66+
9941,31285,Ronald Edwards,Male,1958-10-04,"'Finance and investments', 'Technology', 'Books', 'Cooking'",Stockport,Market Research Analyst,6407,67,66+
9942,32758,Richard Holman,Male,1994-09-14,"'Gaming', 'Politics', 'Music', 'Music', 'Outdoor activities'",Liverpool,Chef,3811,31,26-35
9943,38526,Darlene Vaughan,Male,1977-12-10,"'Finance and investments', 'Business and entrepreneurship'",Stockport,Mechanic,4038,48,46-55
9944,98870,Veda Lavoy,Male,1975-06-02,"'Beauty', 'Outdoor activities', 'Art'",Stockport,Loan Officer,3969,50,46-55
9945,6808,Lorette Jett,Male,2001-03-29,"'Cooking', 'Sports'",Liverpool,Project Manager,7803,24,18-25
9946,49970,Lola Hill,Female,1965-08-05,"'Social causes and activism', 'Nature'",Preston,Accountant,6445,60,56-65
9947,63523,Martin Williams,Male,1959-07-18,"'Food and dining', 'Fitness', 'Beauty', 'Social causes and activism'",Stockport,Sales Associate,3231,66,66+
9948,78299,Albert Berthiaume,Male,1997-10-30,"'Beauty', 'Cooking', 'Gardening'",Bolton,Barista,1978,28,26-35
9949,54586,Jamie Reed,Female,1961-10-26,"'Outdoor activities', 'Travel', 'Education and learning'",Preston,Compliance Officer,7007,64,56-65
9950,37855,Emily Brito,Male,1956-12-28,"'Travel', 'Science'",Bolton,Corporate Trainer,4138,69,66+
9951,53300,Michael Brown,Male,1956-12-30,"'Fitness', 'Beauty', 'Gardening', 'Travel', 'Outdoor activities'",Bolton,Software Engineer,6071,69,66+
9952,66644,Vanessa Buxton,Female,1983-04-23,"'Books', 'Pets', 'Cars and automobiles'",Stockport,Project Manager,5553,42,36-45
9953,53963,Christopher Soden,Male,1959-08-09,"'Photography', 'Beauty', 'Sports', 'Gaming', 'Social causes and activism'",Bolton,Business Consultant,6252,66,66+
9954,41084,John Conroy,Female,2004-04-22,"'Gardening', 'Pets', 'Cooking', 'Pets'",Stockport,Construction Worker,3411,21,18-25
9955,107,Lisa Blackwell,Male,1985-12-17,'Science',Preston,Receptionist,4063,40,36-45
9956,19717,Frank Gorsuch,Female,1981-02-12,"'Nature', 'DIY and crafts', 'Art', 'Food and dining'",Manchester,Construction Worker,4273,44,36-45
9957,78530,Jennifer Wahl,Male,1980-11-19,"'Music', 'Finance and investments', 'Photography', 'Gaming'",Bolton,Loan Officer,5839,45,46-55
9958,69658,Marilynn Courter,Male,1993-03-17,"'Pets', 'Cars and automobiles', 'Gardening'",Liverpool,Quality Assurance Analyst,5376,32,26-35
9959,46451,Dolly Ridling,Female,1995-10-04,"'DIY and crafts', 'Photography', 'Social causes and activism', 'Art', 'Health and wellness'",Liverpool,Receptionist,4005,30,26-35
9960,86641,Leslie Vasquez,Male,1972-03-02,"'Social causes and activism', 'Business and entrepreneurship'",Bolton,Software Engineer,5212,53,46-55
9961,94296,Timika Cummings,Male,1976-12-18,"'Gaming', 'Photography', 'Nature'",Liverpool,Sales Associate,4064,49,46-55
9962,87140,Sarah Haynes,Female,1966-03-09,"'Movies', 'Art', 'Fashion', 'Finance and investments'",Liverpool,Procurement Specialist,6535,59,56-65
9963,52273,Carol Fenstermacher,Male,1965-03-03,"'Science', 'Books', 'Fashion'",Stockport,Mechanic,4221,60,56-65
9964,81643,Berta Gaines,Male,1962-03-24,"'Gardening', 'Pets'",Manchester,Project Manager,7612,63,56-65
9965,36431,John Wince,Female,1958-04-24,"'Cooking', 'Art', 'Fashion'",Liverpool,Mechanic,3569,67,66+
9966,8935,Frank Kipp,Female,1969-03-08,"'Photography', 'Gaming', 'Outdoor activities', 'Pets', 'Parenting and family'",Liverpool,Receptionist,4289,56,56-65
9967,27467,Robert Murphy,Male,1955-07-28,"'Technology', 'Health and wellness', 'Movies', 'Travel', 'Education and learning'",Liverpool,Market Research Analyst,3857,70,66+
9968,87544,Raymond Williams,Male,1978-10-16,"'Art', 'Fashion', 'Gardening', 'Travel', 'Technology'",Preston,Cleaner,3095,47,46-55
9969,41268,Julie Stonge,Male,1988-11-25,'Photography',Preston,Receptionist,3690,37,36-45
9970,17064,Barbara Battee,Male,1984-01-08,"'Art', 'Movies', 'History'",Bolton,Data Analyst,3641,41,36-45
9971,30501,Marie Israel,Female,1986-09-07,"'Gaming', 'History'",Liverpool,IT technician,5055,39,36-45
9972,30036,Michelle Allison,Female,2000-11-10,"'DIY and crafts', 'Gardening', 'Education and learning', 'Politics', 'Movies'",Liverpool,Event Coordinator,6263,25,26-35
9973,12729,Marilyn Rodriguez,Female,1962-12-03,"'Cars and automobiles', 'Gardening', 'Photography', 'Gaming', 'History'",Manchester,Financial Analyst,4535,63,56-65
9974,93661,Guadalupe Adams,Male,1999-08-18,"'Nature', 'Education and learning', 'Gardening'",Preston,HR Manager,4654,26,26-35
9975,32731,Ronald Foreman,Female,1993-11-25,'Business and entrepreneurship',Stockport,Business Consultant,8512,32,26-35
9976,77637,Nancy Demar,Male,1960-09-18,"'Education and learning', 'Movies', 'Food and dining', 'Technology'",Liverpool,Technical Writer,4208,65,66+
9977,59673,Michael Guidry,Female,1991-02-18,"'Books', 'Art', 'Music', 'Business and entrepreneurship', 'Beauty'",Bolton,Public Relations Specialist,4484,34,26-35
9978,79347,Deborah Dickman,Male,2000-02-22,"'Education and learning', 'DIY and crafts', 'Art', 'Photography'",Stockport,Business Consultant,6971,25,26-35
9979,24546,Alan Duncan,Male,2000-08-08,'Music',Stockport,Loan Officer,6570,25,26-35
9980,55609,Michael Bowling,Male,1968-03-24,'Business and entrepreneurship',Stockport,Sales Executive,4289,57,56-65
9981,4383,Jimmy Smith,Female,1984-07-14,"'Finance and investments', 'Food and dining', 'Books', 'Social causes and activism'",Bolton,Business Consultant,9402,41,36-45
9982,23772,Delores Davis,Female,1981-05-01,"'Finance and investments', 'Social causes and activism', 'Travel', 'Books', 'Food and dining'",Stockport,Human Resources Coordinator,5406,44,36-45
9983,23895,Rueben Perez,Female,1975-07-25,'Beauty',Stockport,Mechanic,3488,50,46-55
9984,38590,James Bower,Male,1977-03-27,"'Outdoor activities', 'Travel', 'Pets', 'History'",Manchester,Electrician,3857,48,46-55
9985,87040,Raymond Nachtrieb,Male,1984-06-26,"'Photography', 'Travel', 'Fashion', 'Photography'",Liverpool,Compliance Officer,7071,41,36-45
9986,52142,Mary Serrato,Male,1998-01-19,'Gardening',Manchester,Receptionist,4160,27,26-35
9987,84396,Pamela Nguyen,Female,1979-06-17,"'Technology', 'Finance and investments', 'Education and learning'",Bolton,IT technician,3935,46,46-55
9988,1654,Cari Nelson,Female,1984-06-05,"'Food and dining', 'Social causes and activism'",Preston,Data Analyst,4351,41,36-45
9989,98514,Joyce Chick,Male,1979-05-06,"'Technology', 'Music', 'Technology', 'Cooking', 'Gardening'",Stockport,Financial Analyst,5490,46,46-55
9990,49788,Jessica Vaughan,Male,1966-02-26,"'Photography', 'Finance and investments', 'DIY and crafts', 'Outdoor activities', 'Cooking'",Stockport,HR Manager,6662,59,56-65
9991,51621,Yvonne Harding,Male,2000-04-06,"'Pets', 'Parenting and family'",Stockport,Delivery Driver,2852,25,26-35
9992,22375,Hazel Luke,Male,1988-06-26,'Travel',Bolton,Sales Executive,4651,37,36-45
9993,48809,Kathleen Tim,Female,1965-07-15,"'Books', 'Outdoor activities', 'Music', 'Pets', 'Fashion'",Manchester,Business Consultant,8456,60,56-65
9994,5785,Dawn Wages,Male,2001-01-25,'Outdoor activities',Stockport,Construction Worker,2731,24,18-25
9995,5003,Pamela Cockrell,Female,1970-11-04,'Sports',Manchester,Market Research Analyst,6085,55,56-65
9996,30152,Frank Mullins,Male,1957-09-06,"'Music', 'Fashion', 'Nature', 'Health and wellness', 'Food and dining'",Liverpool,Human Resources Coordinator,3686,68,66+
9997,93195,Rachel Pastore,Female,1987-07-10,"'Nature', 'Gardening', 'Photography'",Bolton,Taxi Driver,2674,38,36-45
9998,73200,Dorothy Stam,Male,1976-06-22,"'History', 'Books', 'Education and learning', 'Fashion', 'Pets'",Manchester,IT technician,4673,49,46-55
9999,74480,Ashlee Burrows,Male,1980-06-04,"'Fashion', 'Pets'",Stockport,Compliance Officer,4591,45,46-55
